Item,Category,Sub-Category
Great Value Distilled White Vinegar,Supplies,Cleaning
POWERADE Electrolyte Enhanced Zero Sugar Mixed Berry Sport Drink,Grocery,Drinks
Delimex White Meat Chicken Corn Taquitos Frozen Snacks & Appetizers,Grocery,Frozen
Sam's Choice Dark Chocolate Squares,Grocery,chocolate
Broccoli Florets,Grocery,Veggies
Garlic Bulb Fresh Whole,Grocery,veggies
Blue Sky Farms Free Range Large Brown Eggs,Grocery,Meat
Crystal Farms Sharp Cheddar Block Cheese,Grocery,Cheese
Crystal Farms Pepper Jack Block Cheese,Grocery,Cheese
Fresh Yellow Baby Potatoes,Grocery,veggies
Amy's Indian Mattar Paneer Microwave Meal,Grocery,Frozen
Sam's Choice 90% Cocoa Swiss Dark Chocolate,Grocery,Chocolate
Fresh Banana Fruit,Pets,Food
Sweet Potatoes Whole Fresh,Grocery,Veggies
Brats,Grocery,Meat
Breakfast Sausage,Grocery,Meat
Beef stick,Grocery,Snacks
Reese’s Crispy,Grocery,Snacks
Angel Soft Toilet Paper,supplies,household
King Arthur Baking Company Unbleached Bread Flour,Grocery,Baking
Heinz Simply Tomato Ketchup,Grocery,Sauce
Grassland Unsalted Sweet Cream Butter,Grocery,baking
Suncast 6-inch Indoor/Outdoor Resin Flower Planter,Supplies,Plants
Betty Crocker Bisquick Original Pancake & Baking Mix,Grocery,baking
PLANTERS Honey Roasted Peanuts,Grocery,Snacks
Alani Nu Energy Sticks Cosmic Stardust,Grocery,Energy Drinks
Great Value Energy Pomegranate Lemonade Drink Mix,Grocery,Energy Drinks
Smithfield Marinated Applewood Smoked Bacon Fresh Pork Loin Filet,Grocery,Meat
Marketside Fresh Broccoli Florets,Grocery,veggies
Ravoili’s and Apps,Other,Dining Out
Fresh Step Clean Paws Multi-Cat Scented Litter with Febreze,Pets,Cat
Purina ONE Natural High Protein Dry Puppy Dog Food,Pets,Food
Vibrant Life Large Trapper Litter Mat,Pets,Supplies
Great Value Energy Peach Mango Drink Mix,Grocery,energy Drinks
Stubb's Gluten Free Sticky Sweet Barbecue Sauce,Grocery,Sauce
Fresh Whole Carrots,Grocery,veggies
Fresh Ginger Root,Grocery,veggies
Bragg Gluten-Free Liquid Aminos Soy Protein Seasoning,Grocery,Sauce
Malt-O-Meal Apple Zings Breakfast Cereal,Pets,Food
Sweet and Sour Sauce,Grocery,Sauce
Spicy Nugs,Grocery,Frozen
Party Pizza,Grocery,Frozen
Bellatoria Pizza,Grocery,Frozen
Great Value Milk Whole Vitamin D,Grocery,baking
Quaker Gluten-Free Caramel Rice Cakes,Grocery,Snacks
Quaker Gluten-Free Apple Cinnamon Rice Cakes,Grocery,Snacks
Chosen Foods 100% Pure Toasted Sesame Oil,Grocery,Supplies
Great Value Wonton Strips Salad Topping,Grocery,Snacks
PLANTERS Salted Cocktail Peanuts,Grocery,Snacks
Pagoda Frozen Crunchy Crispy Pork Egg Rolls,Grocery,Frozen
Fresh Green Onions,Grocery,Veggies
Fresh Whole White Onions,Grocery,veggies
Mountain Dew Citrus Soda Pop,Grocery,Energy Drinks
Red Bull Peach Edition Energy Drink,Grocery,Energy Drinks
Vibrant Life Training Pads Dog & Puppy Pads,Pets,Supplies
Raccoon Cage,Pets,Raccoons
Cable Ties,Pets,Raccoons
Malt-O-Meal Honey Nut Scooters Breakfast Cereal,Pets,Food
Dot's Homestyle Honey Mustard Pretzels,Grocery,Snacks
Great Value Pack of 10 Vinyl Form Fitting Disposable Cleaning Gloves,Supplies,Cleaning
Purely Inspired Collagen Peptides Powder with Biotin,supplies,Supplements
Five Spice Powder,Grocery,Spices
Black Pepper,Grocery,Spices
Allspice whole,Grocery,Spices
Fennel Seeds,Grocery,Spices
Fresca Peach,Grocery,Drinks
Orville Redenbacher's Kettle Corn Microwave Popcorn,Grocery,Snacks
Mission Super Soft Extra Thin Yellow Corn Tortillas,Grocery,Carbs
Fresh Sweet Corn on the Cob,Grocery,veggies
Fresh Lime,Grocery,veggies
La Costena Chipotle Peppers in Adobo Sauce,Grocery,Sauce
Fresh Whole Red Onion,Grocery,veggies
Fresh Cilantro,Grocery,veggies
Fresh Jalapeno Pepper,Grocery,veggies
Fresh Plantain,Grocery,veggies
Cazo de Oro Original Kettle Style Corn Tortilla Chips,Grocery,Snacks
Carapelli Original Extra Virgin Olive Oil,Grocery,Supplies
Fresh Hass Avocados,Grocery,veggies
Fresh Lemon,Grocery,Veggies
Cazo de Oro Fire-Roasted Hatch Chile Corn Tortilla Chips,Grocery,Snacks
Del Monte Fire Roasted Whole Kernel Corn,Grocery,veggies
Coca-Cola Zero Sugar Cherry Soda Pop,Grocery,Energy Drinks
Great Value Organic Black Beans,Grocery,veggies
Crystal Farms Marble Jack Shredded Cheese,Grocery,Cheese
Perdue Harvestland Fresh Ground Chicken,Grocery,Meat
Fresh Tomatillos,Grocery,Veggies
Fresh Roma Tomato,Grocery,Veggies
La Costena Chipotle Sauce,Grocery,Sauce
Fresh Iceberg Lettuce,Grocery,Veggies
Great Value Automatic Dishwasher Powder,Supplies,Cleaning
Great Value Liquid Rinse Agent,supplies,cleaning
Cento San Marzano Peeled Tomatoes,Grocery,Veggies
Great Value Plain Bread Crumbs,Grocery,Supplies
Great Value Plain Panko Bread Crumbs,Grocery,Supplies
Tyson All Natural Ground Pork,Grocery,Meat
Marketside Butcher Grass-Fed Ground Beef,Grocery,Meat
De Cecco Spaghetti no.12 Pasta,Grocery,Carbs
Red Bull Sugar Free Energy Drink,Grocery,Energy Drinks
BelGioioso Parmesan Cheese Wedge Specialty Hard Cheese,Grocery,Cheese
Fresh Whole Yellow Onion,Grocery,Veggies
Fresh Italian Parsley,Grocery,Veggies
Viva Signature Cloth Paper Towels,supplies,household
Out! Advanced Pro-Bacteria Pet Stain Odor Remover,pets,supplies
Great Value Heavy Duty Aluminum Foil,Supplies,Kitchen
Mahatma Basmati White Rice,Grocery,carbs
Great Value Pack of 10 Puncture Resistant Nitrile Disposable Multipurpose Cleaning Gloves,Supplies,Cleaning
Perdue Harvestland Free Range Fresh Boneless Chicken Breasts,Grocery,Meat
Lightly Salted Almonds,Grocery,Snacks
Oreos,Other,Potluck
Gelatin,Other,Potluck
M&M Cookies,Other,Potluck
Peanut Butter Cookies,Other,Potluck
Checkers Fries,Grocery,Frozen
Ortho Home Defense Insect Killer for Indoor and Perimeter,Supplies,Misc
Great Value Pure Granulated Sugar,Grocery,baking
Great Value Heavy Duty Scrub Sponges,supplies,cleaning
Argo Cornstarch,Grocery,Baking
Organic Fresh Ginger Root,Grocery,veggies
Prairie Fresh Natural Fresh Pork Picnic Roast,Grocery,Meat
Great Value Black Beans,Grocery,Veggies
Thai Kitchen Gluten Free Stir Fry Rice Noodles,Grocery,Carbs
Fresh Red Cabbage,Grocery,Veggies
Organic Cucumber,Grocery,Veggies
Great Value Roasted & Salted Cocktail Peanuts,Grocery,Snacks
Red Boat Fish Sauce,Grocery,Supplies
Thai Kitchen Gluten Free Red Curry Paste,Grocery,Sauce
Perdue Harvestland Free Range Fresh Boneless Skinless Chicken Thighs,Grocery,Meat
Great Value All Purpose Plastic Spray Bottle,supplies,cleaning
Thai Kitchen Non-GMO Gluten Free Coconut Milk,Grocery,misc
Great Value Disinfecting Wipes,Supplies,Cleaning
Mainstays 10-Piece Flour Sack Kitchen Towel Set,Supplies,Cleaning
Hop Water,Grocery,Party Drinks
Best Day Cerveza,Grocery,Party Drinks
THC Soda,Grocery,Party Drinks
Bravus Raspberry Sour,Grocery,Party Drinks
Meat Stick,Grocery,Meat
Powerade zero 30oz,Grocery,Drinks
Polar Seltzer,Grocery,Drinks
Pirates Booty,Grocery,Snacks
Gas for Lunar Lander,Other,Gas
Slim Jim Monster,Grocery,Snacks
Monster Rehab Peach,Grocery,Energy Drinks
Sweet and Hot Beef Stick,Grocery,Snacks
Propel Zero,Grocery,Drinks
Freschetta Pepperoni Pizza,Grocery,Frozen
Green Mill Pizza,Grocery,Frozen
Dove Chocolate with Almonds,Grocery,Chocolate
Contact Solution,Supplies,Personal Care
Contact Lens Cases,Supplies,Personal Care
Horse Treats,Pets,Horse
Tax,Tax,Tax
Blue Sky Farms Free Range Brown Eggs,Grocery,Meat
California Sun-Dry Sun-Dried Tomatoes,Grocery,veggies
Great Value Low Sodium Club Soda Sparkling Water,Grocery,Drinks
Vibrant Life Training Pads,pets,Ferrets
Crystal Farms Sharp Cheddar Cheese,Grocery,Cheese
Cabot Creamery Bar Seriously Sharp Cheddar Cheese,Grocery,Cheese
McCormick Gourmet Organic Oregano Leaves,Grocery,Spices
Fresh Green Onions Bunch,Grocery,Veggies
Crackers,Grocery,Snacks
Endangered Species Caramel Chocolate,Grocery,Chocolate
Topo Chico Sabores Tangerine With Ginger Extract Cans,Grocery,Drinks
Reynolds Kitchens Quick Cut Plastic Wrap,supplies,kitchen
Sensodyne Sensitivity and Gum Sensitive Toothpaste,supplies,personal care
Local Hive Raw & Unfiltered Midwest Honey Blend,Grocery,Supplies
Quaker Rice Cakes Whole Grain Chocolate,Grocery,Snacks
Good and Gather ?,Grocery,Snacks
Sunchips,Grocery,Snacks
Vanicream Lotion,supplies,personal care
Fulton Hop Kingdom Hop Water 12 Pack,Grocery,Party Drinks
Bravus Blood Orange IPA,Grocery,Party Drinks
tax,Tax,Tax
Dutch Crunch Chips,Grocery,Snacks
Toffee Cashews,Grocery,Snacks
Bellatoria Ultra Thin Crust Ultimate Supreme Frozen Pizza,Grocery,Frozen
Lean Cuisine Pepperoni Pizza,Grocery,Frozen
Pop Corners,Grocery,Snacks
Fresh Butter Lettuce,Grocery,Veggies
Pen+Gear Medium Metal Binder Clips,pets,Ferrets
Hyper Tough Corner Brace,pets,Ferrets
La Choy Chow Mein Noodles,Grocery,carbs
Dynasty Water Chestnuts Sliced,Grocery,veggies
Great Value Vinyl Form Fitting Disposable Cleaning Gloves,supplies,cleaning
Marketside Organic Fresh Green Onions Bunch,Grocery,veggies
Hoisin Sauce,Grocery,Sauce
Smucker's Natural Chunky Peanut Butter,Grocery,misc
Marketside Organic Grass-Fed Ground Beef,Grocery,Meat
Propel Immune Support Electrolyte Mix,Grocery,Drinks
Ferret Food,Pets,Food
Johnsonville Sweet Italian Pork Sausage Links,Grocery,Meat
Amdro Ant Killing Bait Indoor Stations,supplies,household
Fresh Green Kale Bunch,Grocery,Veggies
Gaiam Loop Band Kit,supplies,misc
Fresh Beets,Grocery,veggies
bettergoods Beef Bulgogi Empanadas,Grocery,Frozen
bettergoods Chicken Curry Empanadas,Grocery,Frozen
Marketside Organic Baby Spinach Salad,Grocery,veggies
Organic Valley Organic Whole Milk,Grocery,baking
Fresh Leeks Bunch,Grocery,veggies
Stonyfield Organic Whole Milk Probiotic Yogurt,Grocery,Frozen
Great Value Natural Walnut Halves & Pieces,Grocery,Snacks
Great Value Organic Frozen Blueberries,Grocery,veggies
CELSIUS ZERO SUGAR FITNESS ENERGY DRINK,Grocery,energy Drinks
Alani Nu Energy Drink,Grocery,energy Drinks
Fresh Slicing Tomato,Grocery,veggies
Ben and Jerry’s Ice Cream,Grocery,Snacks
Telani Gelato,Grocery,Snacks
Peanut Butter M&M’s,Grocery,Snacks
Pringles Pizza Chips,Grocery,Snacks
Waffle Fries,Grocery,Frozen
V&V Supremo Chihuahua Authentic Mexican Style Quesadilla Natural Shredded Cheese,Grocery,Cheese
Gatorade Zero Sugar Glacier Cherry Singles Drink Mix,Grocery,Drinks
Fresh Green Leaf Lettuce,Grocery,veggies
Cameron's Coffee Specialty Coffee Gold Roast Hawaiian Ground,Grocery,pam
Simply Non GMO High Pulp Orange Juice,Grocery,Drinks
bettergoods Whole Milk Plain Greek Yogurt,Grocery,Snacks
Great Value #2 Cone Coffee Filters,supplies,Pam
Dove Promises Dark Chocolate & Almond Candy,Grocery,Chocolate
Nasoya Refrigerated Plant-Based Egg Roll Wraps,Grocery,misc
BODYARMOR Sports Drink Strawberry Banana,Grocery,pam
BODYARMOR Sports Drink Orange Mango,Grocery,Drinks
Great Value Nitrile Disposable Gloves,supplies,cleaning
Horizon Organic Heavy Whipping Cream,Grocery,baking
Cepacol Extra Strength Sore Throat & Cough Lozenges,supplies,covid
Fresh Sweet Rainier Cherries,Grocery,pam
Club Soda,Grocery,Drinks
Powerade Zero,Grocery,Drinks
Dove Promises Dark Chocolate Candy,Grocery,chocolate
Zoup! Good Really Good Chicken Bone Broth,Grocery,misc
Chloraseptic Max Strength Sore Throat Lozenges,supplies,covid
Equate Sore Throat Oral Anesthetic Spray,supplies,covid
Bibigo Mini Wontons Pork & Vegetable Dumplings,Grocery,Frozen
Totino's Party Pizza Triple Cheese,Grocery,Frozen
Great Value Honey Roasted Cashews,Grocery,Snacks
Great Value Toasted Coconut Cashews,Grocery,Snacks
bettergoods Pistachio Salted Caramel Premium Ice Cream,Grocery,Frozen
Club Minis Original Mini Crackers,Grocery,pam
Campbell's Condensed Heart Healthy Homestyle Chicken Noodle Soup,Grocery,pam
bettergoods Chef Inspired Carolina Gold Style BBQ Flavored Kettle Potato Chips,Grocery,Snacks
Ricola Honey Herb Soothing Cough Drops,supplies,covid
Lindt Excellence 85% Cocoa Dark Chocolate Candy Bar,Grocery,chocolate
Vicks DayQuil Severe Vapocool Caplets,supplies,covid
Canada Dry Caffeine Free Ginger Ale Soda Pop,Grocery,Drinks
Thai Kitchen Gluten Free Gluten Free Stir Fry Rice Noodles,Grocery,carbs
CELSIUS Sparkling Oasis Vibe,Grocery,energy Drinks
Kerrygold Grass-Fed Reserve Irish Cheddar,Grocery,Cheese
SunChips Harvest Cheddar Whole Grain Snacks,Grocery,Snacks
Thai Kitchen Gluten Free Gluten Free Red Curry Paste,Grocery,Sauce
Reese's Big Cup Stuffed with REESE's Puffs Milk Chocolate King Size Peanut Butter Cups Candy,Grocery,chocolate
Kettle Brand Potato Chips Air Fried Himalayan Salt,Grocery,Snacks
Mission Garden Spinach Herb Wraps,Grocery,carbs
bettergoods Gluten Free Maple Chicken Sausage Patties,Grocery,Meat
bettergoods Gluten Free Maple Chicken Sausage Link,Grocery,Meat
Alexia Crispy Bite-Size Sweet Potato Puffs,Grocery,Frozen
Marketside Artichoke Spinach Tomato Flatbread Pizza,Grocery,Pam
Core Hydration Perfectly Balanced Water,Grocery,Pam
Ravoili’s and Calzone,Other,Dining Out
Mucinx Cold,supplies,Covid
Great Value Fresh Seal Double Zipper Freezer Bags,supplies,kitchen
Marketside Roasted Garlic and Herb Fresh Seasoned Pork Loin Filet,Grocery,Meat
Propel Powder Packets Drink Mix,Grocery,Drinks
Diet Dr. Pepper,Grocery,Drinks
Bubly Peach Soda Water,Grocery,Drinks
Lucia’s Tikka Marsala Pizza,Grocery,Frozen
Fresh Step Multi-Cat Scented Litter,pets,supplies
Mainstays Pink Floral Cozy Plush Throw Blanket,Pets,supplies
Mainstays Self-Watering Tan Planter,supplies,plants
Fresh Tomato on the Vine,Grocery,veggies
King Arthur White Whole Wheat Flour,Grocery,Baking
Bag Fee,Tax,Tax
Pork Loin Chops,Grocery,Meat
Sun-dried Tomatoes,Grocery,Veggies
Assorted Cookies,Grocery,Snacks
Delimex White Meat Chicken Corn Taquitos,Grocery,misc
Amy's Frozen Meals Indian Mattar Paneer Microwave Meal,Grocery,Frozen
OREO Double Stuf Chocolate Sandwich Cookies,Grocery,Baking
Great Value Strong Flex Tall Kitchen Trash Bags,supplies,household
Karo Light Corn Syrup with Real Vanilla,Grocery,Baking
Best Day Hazy IPA,Grocery,Party Drinks
Untitled Art 6 pack,Grocery,Party Drinks
Bibigo Sweet and Spicy Chicken,Grocery,Meat
Chocolate Walnuts,Grocery,Snacks
Great Value Freezer Guard Double Zipper Freezer Bags,supplies,kitchen
Crystal Farms Mozzarella Shredded Cheese,Grocery,Cheese
Great Value Tropical Mango Punch Drink Mix,Grocery,Drinks
BelGioioso Romano Cheese Wedge,Grocery,Cheese
GHIRARDELLI 72% Cacao Dark Chocolate Premium Baking Chips,Grocery,Chocolate
Perdue Harvestland Free Range Fresh Boneless Chicken Breast,Grocery,Meat
BelGioioso Freshly Grated Parmesan Cheese,Grocery,Cheese
Margherita Uncured Sliced Pepperoni,Grocery,Meat
Chosen Foods 100% Pure Avocado Oil,Grocery,Supplies
Fresh Whole Brown Mushrooms,Grocery,veggies
Quaker Rice Cakes Apple Cinnamon,Grocery,Snacks
Marketside Fresh Green Beans,Grocery,veggies
Colavita Balsamic Vinegar of Modena IGP,Grocery,Supplies
Sudaphed,Supplies,Personal Care
Marketside Tri-Color Cole Slaw,Grocery,veggies
Knox Original Unflavored Gelatin,Grocery,baking
OREO Thins Tiramisu Creme Chocolate Sandwich Cookies,Grocery,baking
OREO Thins Chocolate Sandwich Cookies,Grocery,baking
Marketside Cage-Free Large Brown Eggs,Grocery,Meat
Untitled Art 12 pack,Grocery,Party Drinks
La Croix Pack,Grocery,Drinks
Cashews,Grocery,Snacks
Ginger,Grocery,Spices
Whole Milk,Grocery,Baking
Marketside Mild Italian Sausage,Grocery,Meat
Broccoli Coleslaw,Grocery,Veggies
Slaw Mix,Grocery,Veggies
Extra Firm Tofu,Grocery,Meat
Shredded Cheddar Cheese,Grocery,Cheese
Lucia's Spicy Chicken Pizza,Grocery,Frozen
Monster Zero Ultra,Grocery,Energy Drinks
Monster Sparkling Water,Grocery,Drinks
Chocolate Bar,Grocery,Chocolate
Doritos,Grocery,Snacks
Nutty Bars,Grocery,Snacks
Propel Drinks,Grocery,Drinks
Marg Mix,Misc,Misc
Reese's Zero Sugar Dark Miniatures Chocolate Peanut Butter Cups Candy,Grocery,chocolate
Great Value Organic Anise Seed,Grocery,Spices
Oral-B Glide Peppermint Dental Floss Picks,supplies,personal care
TheraBreath Anticavity Alcohol-Free Mouthwash,supplies,personal care
Q-tips Cotton Swabs,supplies,personal care
King Arthur Unbleached Bread Flour,Grocery,baking
SlowMag Mg Muscle + Heart Magnesium Chloride Supplement Tablets,supplies,Supplements
Perdue Harvestland Fresh Thin-Sliced Boneless Chicken Breast,Grocery,Meat
Scotch-Brite Stainless Steel Scrubbing Pads,supplies,cleaning
Oregano Leaves,Grocery,Spices
Birthday Cake Rice Crisps,Grocery,Snacks
Bing Energy Drink,Grocery,Energy Drinks
Blue Diamond Dark Chocolate Almonds,Grocery,Snacks
Beef Jerky,Grocery,Snacks
Soda Water,Grocery,Drinks
Garlic,Grocery,Veggies
Gillette Foamy Sensitive Shave Foam For Men,supplies,personal care
Great Value Light Brown Sugar,Grocery,baking
Blue Sky Farms Organic Free Range Large Brown Grade A Eggs,Grocery,Meat
Mizkan Seasoned Rice Vinegar,Grocery,Supplies
Fresh Navel Orange,Grocery,Veggies
Alani Nu Energy Stick Packets,Grocery,energy Drinks
Perdue Harvestland Organic Fresh Chicken Breast Tenderloins,Grocery,Meat
Nasoya Refrigerated Organic Super Firm Tofu,Grocery,Meat
Fresh Step Multi-Cat Scented Clumping Cat Litter,pets,Cat
Arrid XX Extra Extra Dry Ultra Clear Aerosol Antiperspirant Deodorant,misc,misc
Greenies Original Teenie Natural Dry Dental Treats for Dogs,pets,Treats
Loctite Super Glue Ultra Liquid Control,supplies,household
Dark Chocolate Walnuts,Grocery,Snacks
Potatoes,Grocery,Veggies
Great Value No Calorie Sweetener,Grocery,baking
PB2 Powdered Peanut Butter,Grocery,baking
Powerade,Grocery,Drinks
Untiltled Art Stores,Grocery,Party Drinks
Kettle Chips Honey Mustard,Grocery,Snacks
Caramel Cheddar Popcorn,Grocery,Snacks
Water Chestnuts,Grocery,Veggies
Stir Fry Sauce ,Grocery,Sauce
Steeze Iced Tea,Grocery,Drinks
Chicken Breasts,Grocery,Meat
Wonton Strips,Grocery,Carbs
Stir Fry Veggies,Grocery,Veggies
Thai Kitchen Stir Fry,Grocery,Sauce
Eggs,Grocery,Meat
Athletica Cerveza,Grocery,Party Drinks
Bird Food,Pets,Bird
Equate Extra Strength Nighttime PM Pain Relief and Sleep-Aid Gelcaps 80 Count,Supplies,Personal Care
Equate Extra Strength Cool & Heat Pain Relieving Cream 3 oz,Supplies,Personal Care
Great Value Energy Peach Mango Drink Mix 0.09 oz 10 Count,Grocery,Energy Drinks
POWERADE ZERO Berry Blast Bottled Electrolyte Sports Drink 20 fl oz 8 Count,Grocery,Drinks
Delimex White Meat Chicken Taquitos Frozen Snacks 20 ct Box,Grocery,Frozen
Red Robin Crispy Onion Rings 14 oz,Grocery,Frozen
Amy's Frozen Meals Mexican Casserole Bowl Microwave Meals 9.5 oz,Grocery,Frozen
Kettle Brand Potato Chips Air Fried Himalayan Salt Kettle Chips 6.5 oz Bag,Grocery,Snacks
bettergoods Chicken Wings with Louisiana Style Dry Rub 22 oz (Frozen),Grocery,Frozen
Great Value Disinfecting Wipes 300 Count 4 Pack,Supplies,Cleaning
U Brands 13 Pocket Expandable File 13 x 9.18 x 1.47 in Bountiful Bouquet,Supplies,Misc
Dinner,Misc,Dining Out
Angel Soft Toilet Paper 9 Mega Rolls 2-Ply Toilet Tissue,Supplies,Personal Care
Modern Mill Gluten-Free Farm Fresh Salad Topper 6 oz,Grocery,Snacks
Perdue Harvestland Free Range Fresh Boneless Chicken Breasts 1.79 lb,Grocery,Meat
Marketside Fresh Broccoli Florets 32 oz,Grocery,Veggies
PAM Avocado Oil Non-GMO Cooking Spray 5 oz,Grocery,Supplies
Fresh Lemon (2),Grocery,Veggies
Hain Pure Foods Sea Salt 21 oz,Grocery,Supplies
Garlic Bulb Fresh Whole 0.12 lb,Grocery,Veggies
Fresh Brussels Sprouts 1 lb Bag,Grocery,Veggies
Viva Signature Cloth Paper Towels 6 Triple Rolls,Supplies,Cleaning
Bigelow Ginger Peach Tumeric Caffeine Free Herbal Tea Bags 18 Count,Grocery,Drinks
Fresh Italian Parsley Bunch,Grocery,Veggies
Sam's Choice Organic Chicken Bone Broth 32 oz Carton,Grocery,Supplies
Great Value Non-Pareil Capers 3.5 fl oz,Grocery,Supplies
Kettle Brand Potato Chips Air Fried Jalapeno Kettle Chips 6.5 oz Bag,Grocery,Snacks
Alexia Onion Rings,Grocery,Frozen
Whole Milk Yogurt,Grocery,Baking
Basmati Rice,Grocery,Carbs
Apple Fritter Beer,Grocery,Party Drinks
Sam's Choice Dark Chocolate Squares 8.46 ounce (3),Grocery,Chocolate
Amy's Frozen Meals Indian Mattar Paneer Microwave Meal 10 oz (3),Grocery,Frozen
Grassland Unsalted Sweet Cream Butter rBST Free Usdaa Certified 16 oz 4 Sticks,Grocery,Supplies
Yellow Potatoes Whole Fresh 5lb Bag,Grocery,Veggies
Fresh Cauliflower,Grocery,Veggies
Great Value Frozen Sweet Peas 12 oz Steamable Bag,Grocery,Veggies
McCormick Kosher Curry Powder 1.75 oz Bottle,Grocery,Spices
Fresh Whole Yellow Onion 1.05 lb,Grocery,Veggies
Fresh Cilantro Bunch,Grocery,Veggies
Fresh Jalapeno Pepper 0.08 lb,Grocery,Veggies
Fresh Lime (4),Grocery,Veggies
Fresh Ginger Root 0.19 lb,Grocery,Veggies
Garlic Bulb Fresh Whole 0.25 lb,Grocery,Veggies
Stonefire Roasted Garlic Naan 8.8 oz 2 Count (2),Grocery,Carbs
Miss Vickie's Honey Mustard Flavored Kettle Cooked Potato Chips 8 oz Bag,Grocery,Snacks
Realgood Foods Co. Lightly Breaded Chicken Breast Nuggets 20 oz Bag (Frozen),Grocery,Frozen
Fresh Ginger Root 0.43 lb,Grocery,Veggies
Blue Sky Farms Organic Free Range Large Brown Grade A Eggs 12 Count,Grocery,Meat
Smoked Paprika,Grocery,Spices
Zoa Orange,Grocery,Energy Drinks
Onion Powders,Grocery,Spices
Chili Powder,Grocery,Spices
Cilantro,Grocery,Veggies
Willy’s Sweet and Spicy Salsa,Grocery,Sauce
Cazo de Oro Original Kettle Style Corn Tortilla Chips 11 oz Bag,Grocery,Snacks
Perdue Harvestland Fresh Ground Chicken 92% Lean 8% Fat 1 lb. Tray (2),Grocery,Meat
King Arthur Unbleached Bread Flour Non-GMO Project Verified Certified Kosher No Preservatives 5 Pounds,Grocery,Baking
Cazo de Oro Fire-Roasted Hatch Chile Corn Tortilla Chips 11 oz Bag,Grocery,Snacks
Fresh Whole Red Onion 0.65 lb,Grocery,Veggies
Zoa White Peach,Grocery,Energy Drinks
Poptarts,Grocery,Snacks
Diet Coke Cherry,Grocery,Energy Drinks
Vibrant Life Training Pads XL 26 in x 30 in 30 Count,Pets,Ferrets
Great Value Automatic Dishwasher Powder Original Scent 75 oz 1 Count,Supplies,Cleaning
Sensodyne Sensitivity and Gum Sensitive Toothpaste Mint Flavor 3 x 3.4 oz,Supplies,Personal Care
Amy's Frozen Meals Indian Mattar Paneer Microwave Meal 10 oz (2),Grocery,Frozen
Stubb's Gluten Free Sticky Sweet Barbecue Sauce 18 oz Bottle,Grocery,Sauce
Fresh Butternut Squash 3.66 lb,Grocery,Veggies
Heinz Simply Tomato Ketchup with No Artificial Sweeteners 19 oz Bottle,Grocery,Sauce
Marketside Apple Butter Recipe Topped with Real Apples Fresh Seasoned Pork Loin Filet 2.17 lb,Grocery,Meat
Garlic Bulb Fresh Whole 0.23 lb,Grocery,Veggies
Fresh Whole White Onions 0.70 lb,Grocery,Veggies
Fresh Ginger Root 0.31 lb,Grocery,Veggies
Brussel Sprouts,Grocery,Veggies
Marketside Tri-Color Cole Slaw 16 oz Bag Fresh,Grocery,Veggies
Sam's Choice Organic Chicken Bone Broth 32 oz Carton Shelf-Stable/Ambient Liquid,Grocery,Supplies
Great Value Canola Oil 48 fl oz,Grocery,Supplies
Sunfood Superfoods Organic Sweet Cacao Nibs Coated with Coconut Sugar 4 Oz,Grocery,Snacks
Mizkan Mirin Sweet Cooking Seasoning 12 fl oz,Grocery,Supplies
Nasoya Refrigerated Organic Super Firm Tofu 16 oz,Grocery,Meat
Dukes: Mayonnaise Sugar Free 32 Oz,Grocery,Supplies
Toasted Sesame Oil,Grocery,Supplies
Sea Salt and Caramel Dark Chocolate ,Grocery,Chocolate
Corn Starch,Grocery,Baking
Potato Flour,Grocery,Baking
Spray Bottle,Pets,Horse
Fly Spray 128 oz,Pets,Horse
Ground Pork,Grocery,Meat
Wisconsin Sharp Shredded Cheddar,Grocery,Cheese
Chlorox Toilet Cleaner,Supplies,Cleaning
Laffy Taffy Banana,Grocery,Snacks
Laffy Taffy Mystery,Grocery,Snacks
Bundaberg Root Beer,Grocery,Energy Drinks
Great Value Strong Flex 13 Gallon Tall Kitchen Trash Bags Mint Scent 40 Count,Supplies,Household
Garlic Bulb Fresh Whole 0.30 lb,Grocery,Veggies
Marketside Ground Bison 1 lb,Grocery,Meat
Fresh Ginger Root 0.67 lb,Grocery,Veggies
Blue Sky Farms Organic Free Range Large Brown Grade A Eggs 12 Count (2),Grocery,Meat
Pagoda Frozen Crunchy Crispy Chicken Egg Rolls 22.0 oz,Grocery,Frozen
Dove Promises Dark Chocolate & Almond Candy 6.74 oz Bag,Grocery,Chocolate
Horizon Organic Heavy Whipping Cream 16 fl oz Carton,Grocery,Baking
Great Value Pepitas 8 oz,Grocery,Snacks
Dynasty Water Chestnuts Sliced 8 Oz (2),Grocery,Veggies
La Choy Chow Mein Noodles 5 oz Can,Grocery,Carbs
Slim Jim,Grocery,Snacks
Apple Pies,Grocery,Snacks
Caramel Apple,Grocery,Snacks
Pepsi,Misc,Matt
Vanilla Ice Cream,Misc,Pat’s Pie Party
Great Value Low Sodium Club Soda Sparkling Water 33.8 fl oz 1 Bottle (3),Grocery,Drinks
Heinz All Natural Apple Cider Vinegar with 5% Acidity 32 fl oz Bottle,Grocery,Supplies
Organic Valley Organic Whole Milk Grassfed Half Gallon Carton 64 oz,Grocery,Baking
Great Value Organic Mustard Ground 1.6 oz,Grocery,Spices
Great Value Instant Nonfat Dry Milk 3.2 oz Pouches (3 Count),Grocery,Baking
Local Hive Raw & Unfiltered 100% U.S. Midwest Honey Blend 16oz Bottle,Grocery,Supplies
Perdue Harvestland Free Range Fresh Whole Chicken with Giblets 4.80 lb,Grocery,Meat
Perdue Harvestland Organic Fresh Chicken Breast Tenderloins 1.08 lb,Grocery,Meat
Perdue Harvestland Organic Fresh Chicken Breast Tenderloins 1.04 lb,Grocery,Meat
Perdue Harvestland Organic Fresh Chicken Breast Tenderloins 0.99 lb,Grocery,Meat
Dove Promises Dark Chocolate Candy 14.08 oz Large Bag,Grocery,Chocolate
Fresh Ginger Root 0.69 lb,Grocery,Veggies
Garlic Bulb Fresh Whole 0.13 lb,Grocery,Veggies
Fresh Whole Carrots 1 lb Bag,Grocery,Veggies
Fresh Whole Yellow Onion 0.71 lb,Grocery,Veggies
Vibrant Life Training Pads Dog & Puppy Pads XL 26 in x 30 in 75 Count,Pets,Supplies
Great Value Roasted & Salted Cocktail Peanuts 16 oz,Grocery,Snacks
King Arthur Flour Unbleached All-Purpose Flour 5 lb. Bag,Grocery,Baking
Fresh Ginger Root 1.92 lb,Grocery,Veggies
Garlic Bulb Fresh Whole 0.29 lb,Grocery,Veggies
Blue Diamond Almonds Blueberry Flavored Snack Nuts 6oz,Grocery,Snacks
Tasteful Selections Honey Gold 2-Bite Baby Potatoes 24oz,Grocery,Veggies
Tiger Striped Pumpkins 3 Count Bag,Grocery,Veggies
Fresh Honeycrisp Apples 3 lb Bag,Grocery,Veggies
Chosen Foods 100% Pure Avocado Oil 25.4 floz Glass Bottle Non-GMO,Grocery,Supplies
Purely Inspired Collagen Peptides Powder with Biotin Unflavored 1 lb 20 Servings,Grocery,Supplements
Great Value Plain Panko Bread Crumbs 8 oz,Grocery,Supplies
SlowMag Mg Muscle + Heart Magnesium Chloride Supplement Tablets with Calcium 120 Ct,Supplies,Supplements
Sweet Potatoes Whole Fresh 1.62 lb,Grocery,Veggies
Mini Pumpkins 5 Count Bag Whole,Grocery,Veggies
Bagged Gourds 5 Count Bag,Grocery,Veggies
Marketside Organic Grass-Fed Ground Beef 85% Lean/15% Fat 1 lb,Grocery,Meat
Klarburn Peach Soda Water,Grocery,Drinks
Bisquick,Grocery,Baking
Avocado Oil Spray,Grocery,Baking
Crystal Farms Sharp Cheddar Cheese 2 lb,Grocery,Cheese
Alexia Sweet Potato Fries,Grocery,Frozen
GHIRARDELLI Sea-Salt Almond Chocolate Bar,Grocery,Chocolate
Crystal Farms Mozzarella Shredded Cheese 8 oz,Grocery,Cheese
POWERADE Electrolyte Enhanced Zero Sugar Grape Sport Drink 28 fl oz Bottle,Grocery,Drinks
Refresh Plus Lubricant Eye Drops Preservative-Free Tears 0.4 ml 30 Count,Supplies,Personal Care
Equate Eye Itch Relief 0.34 fl oz,Supplies,Personal Care
Perdue Harvestland Free Range Fresh Boneless Chicken Breasts 1.88 lb,Grocery,Meat
Frank's RedHot Kosher Buffalo Wings Hot Sauce 12 fl oz Bottle,Grocery,Sauce
Alexia Crispy Bite-Size Sweet Potato Puffs 20 oz,Grocery,Frozen
Top Sirloin Steak,Grocery,Meat
Turkey Jerky,Grocery,Meat
bettergoods Premium Belgian Dark Chocolate Thins with Crispy Rice Puffs 4.4 oz,Grocery,Chocolate
Great Value Heavy Duty Aluminum Foil 100 Sq ft,Supplies,Kitchen
Lea & Perrins The Original Worcestershire Sauce 10 fl oz Bottle,Grocery,Sauce
Bragg Gluten-Free Liquid Aminos Soy Protein Seasoning 16 fl oz,Grocery,Supplies
Accent Flavor Enhancer 10 oz Shaker,Grocery,Spices
McCormick Non-GMO Kosher Whole Black Pepper 3.5 oz Bottle,Grocery,Spices
Figaro Liquid Smoke and Marinade Mesquite 4 fl,Grocery,Sauce
McCormick Kosher Garlic Powder 3.12 oz Bottle,Grocery,Spices
bettergoods Premium Swiss 85% Dark Chocolate Bar 3.5 oz,Grocery,Chocolate
bettergoods Premium Swiss 60% Dark Chocolate Bar with Almonds 3.5 oz,Grocery,Chocolate
Mainstays Cotton Canning Cheese Cloth 4 Square Yards,Supplies,Kitchen
Great Value Energy Peach Mango Drink Mix 0.09 oz 10 Count (2),Grocery,Energy Drinks
Kraft Sharp Cheddar Shredded Cheese 16 oz Bag (2),Grocery,Cheese
Smucker's Natural Chunky Peanut Butter 26 ozs,Grocery,Supplies
Mainstays 100% Natural Environmental-Friendly Bamboo Skewers (100 PCS),Supplies,Kitchen
Organic Valley Organic Whole Milk Half Gallon Carton 64 oz,Grocery,Baking
Philadelphia Original Cream Cheese 2 ct Pack 8 oz Brick (3),Grocery,Cheese
Reynolds Kitchens Brown Parchment Paper Roll 50 square feet,Supplies,Kitchen
Marketside Cage-Free Large Brown Eggs 18 Count,Grocery,Meat
Lucia's Caribbean Pizza,Grocery,Frozen
Perdue Harvestland Fresh Ground Chicken 92% Lean 8% Fat 1 lb Tray,Grocery,Meat
Dove Beauty Bar More Moisturizing Than Bar Soap Sensitive Skin 3.75 oz 2 Bars,Supplies,Personal Care
Great Value Toasted Coconut Cashews 8.25 oz,Grocery,Snacks
Nasoya Refrigerated Plant-Based Egg Roll Wraps 16 oz,Grocery,Carbs
Fresh Broccoli Crowns 1.07 lb,Grocery,Veggies
Thai Kitchen Gluten Free Stir Fry Rice Noodles 14 oz Box,Grocery,Carbs
Thai Kitchen Non-GMO Gluten Free Coconut Milk 25.36 fl oz Brick,Grocery,Supplies
HotHands Hand Warmer 10-Pair Value Pack,Supplies,Misc
HotHands Toe Warmers 7 Pair Pack,Supplies,Misc
HotHands Stick-On Body Warmers (2),Supplies,Misc
Fresh Whole Red Onion 0.56 lb,Grocery,Veggies
Thai Kitchen Gluten Free Red Curry Paste 4 oz Jar,Grocery,Sauce
Fresh Lime (3),Grocery,Veggies
Perdue Harvestland Free Range Fresh Boneless Chicken Breasts 1.90 lb,Grocery,Meat
Sweet Potatoes Whole Fresh 1.00 lb,Grocery,Veggies
Fresh Basil 0.5 oz Clamshell,Grocery,Veggies
La Costena Chipotle Sauce 7 oz (2),Grocery,Sauce
Del Monte Fire Roasted Whole Kernel Corn 14.75 oz Can,Grocery,Veggies
Great Value Organic Black Beans Canned 15 oz,Grocery,Veggies
onn. 32GB Class 10 U1 MicroSDHC Flash Memory Card 2-Pack,Supplies,Misc
Perdue Harvestland Free Range Fresh Boneless Skinless Chicken Thighs 1.55 lb,Grocery,Meat
Botan Calrose Rice Medium Grain 5 lb,Grocery,Carbs
HART Leather Palm Work Gloves 5-Finger Touchscreen Capable XL,Supplies,Misc
Dot's Homestyle Pretzels Honey Mustard Seasoned Pretzel Twists 9.5 oz,Grocery,Snacks
Great Value Fudge-Covered Peanut Butter-Filled Cookies 9.5 oz (2),Grocery,Snacks
Great Value Peppered Beef Jerky 5 oz,Grocery,Snacks
Great Value Roasted & Salted Sunflower Kernels 16 oz,Grocery,Snacks
Great Value Original Beef Jerky 5 oz,Grocery,Snacks
Sweet Potatoes Whole Fresh 3.77 lb,Grocery,Veggies
Perdue Harvestland Organic Fresh Boneless Chicken Breast 1.55 lb,Grocery,Meat
PLANTERS Salted Cocktail Peanuts 16 oz Steel Can,Grocery,Snacks
bettergoods Premium Swiss 90% Dark Chocolate Bar 3.5 oz,Grocery,Chocolate
bettergoods Premium Swiss 72% Dark Chocolate Bar 3.5 oz,Grocery,Chocolate
Garlic Bulb Fresh Whole 0.24 lb,Grocery,Veggies
Distilled Water,Grocery,Drinks
all Liquid Laundry Detergent with Advanced OXI 184.5 oz,Supplies,Cleaning
Out Advanced Pro-Bacteria Dog and Cat Stain and Odor Remover 32oz,Pets,Supplies
Great Value Pure Granulated Sugar 4 lb,Grocery,Baking
Fresh Pomegranate,Grocery,Veggies
Fresh Honeycrisp Apple 0.58 lb,Grocery,Veggies
Fresh Lime (2),Grocery,Veggies
Greenies Original Teenie Natural Dry Dental Treats for Dogs 12 Oz Pack,Pets,Treats
Fresh Butternut Squash 2.14 lb,Grocery,Veggies
Parent's Choice Fragrance-Free Baby Wipes 100 Count,Supplies,Personal Care
Liquid Death Iced Black Tea Rest in Peach 19.2 oz,Grocery,Drinks
Fresh Cranberries 12 oz Bag,Grocery,Veggies
Pork Center Cut Loin Chops Boneless 1.28 lb,Grocery,Meat
Tomato Paste,Grocery,Sauce
Garam Marsala,Grocery,Spices
Just Bare Chicken Breasts,Grocery,Meat
White Onion,Grocery,Veggies
Heavy Cream,Grocery,Sauce
Greek Yogurt,Grocery,Sauce
Garlic Naan,Grocery,Carbs
Guiness Zero,Grocery,Party Drinks
Pumpkin Cookies,Misc,Work Party
Peanut Butter Rice Crispy Bars,Misc,Work Party
Dove Chocolate,Grocery,Chocolate
Bag fee,Tax,Tax
Northland Bratwurst,Grocery,Meat
Pineapple Teriyaki Bratwurst,Grocery,Meat
Ore Ida Crispy Golden Crowns,Grocery,Frozen
Viva Signature Cloth Paper Towels 6 Double Rolls,Supplies,Cleaning
King Arthur Flour Unbleached Bread Flour 5 lb Bag,Grocery,Baking
Q-tips Cotton Swabs 750 ct,Supplies,Personal Care
Fleischmann's RapidRise Instant Yeast 1/4 oz 3 Count,Grocery,Baking
bettergoods Premium Belgian Dark Chocolate Thins with Crispy Rice Puffs 4.4 oz (2),Grocery,Chocolate
Scotch-Brite Heavy Duty Scrub Sponge 3 Count,Supplies,Cleaning
bettergoods Premium Swiss 60% Dark Chocolate Caramel Sea Salt Bar 3.5 oz,Grocery,Chocolate
Marketside Fresh Broccoli Slaw,Grocery,Veggies
Equate Multi-Purpose Solution Twin Pack 12 fl oz 2 Count,Supplies,Personal Care
Grassland Unsalted rBST Free 4 Sticks 1lb Butter,Grocery,Baking
Fresh Ginger Root 0.37 lb,Grocery,Veggies
Marketside Grass-Fed Ground Beef 80% Lean/20% Fat 1 lb (2),Grocery,Meat
Rayovac High Energy AAA Batteries 8 Pack,Supplies,Misc
Blue Sky Farms Free Range Large Brown Eggs 12 Count,Grocery,Meat
Angel Soft 2-Ply Toilet Paper 9 Mega Rolls,Supplies,Personal Care
Carving Pumpkin,Grocery,Veggies
Fresh Whole White Onions 0.68 lb,Grocery,Veggies
Chosen Foods 100% Pure Avocado Oil 4.7 fl oz Cooking Spray,Grocery,Supplies
Great Value Organic Pumpkin Pie Spice 1.65 oz,Grocery,Spices
Great Value Cardamom Ground Organic,Grocery,Spices
Fresh Navel Orange (2),Grocery,Veggies
Beef Choice Top Sirloin Steak Family Pack 1.53 lb,Grocery,Meat
Turkey Breast,Grocery,Meat
Pie Pumpkins,Grocery,Veggies
King Arthur Flour Unbleached All-Purpose Flour 5 lb Bag,Grocery,Baking
Great Value Chopped Walnuts 24 oz,Grocery,Baking
Pork Tenderloin,Grocery,Meat
Butternut Squash,Grocery,Veggies
Ore Ida Crispy Tatertots,Grocery,Frozen
Crystal Farms Sharp Cheddar Block Cheese 8 oz,Grocery,Cheese
Fresh Whole Red Onion 0.54 lb,Grocery,Veggies
Fresh Hass Avocados (2),Grocery,Veggies
Red Bull Winter Edition Sugar Free Energy Drink Iced Vanilla Berry 12 fl.oz,Grocery,Energy Drinks
Perdue Harvestland Fresh Ground Chicken 92% Lean 8% Fat 1 lb Tray (2),Grocery,Meat
bettergoods Premium Belgian Sea Salt Caramel Milk Chocolate Thins 4.4 oz,Grocery,Chocolate
McCormick Maple Extract,Grocery,Baking
SweetTarts Minis,Grocery,Snacks
Organic Valley Organic Heavy Whipping Cream 16 fl oz,Grocery,Baking
Great Value Honey Graham Crackers 14.4 oz,Grocery,Snacks
Fresh Butternut Squash 2.79 lb,Grocery,Veggies
Asparagus Bunch,Grocery,Veggies
Great Value Light Brown Sugar 32 oz,Grocery,Baking
Heath Chocolatey English Toffee Giant Candy Bar 7.13 oz,Grocery,Chocolate
Philadelphia Original Cream Cheese 2 ct Pack 8 oz Brick (2),Grocery,Baking
Brach's Halloween Mellowcreme Pumpkins Candy 11 oz Bag,Grocery,Snacks
Kemps Regular Sour Cream 16 oz,Grocery,Sauce
Blue Sky Farms Organic Free Range Large Brown Eggs 12 Count,Grocery,Meat
Perdue Harvestland Free Range Fresh Boneless Chicken Breasts 2.30 lb,Grocery,Meat
Smoking Loon Sav Blanc,Misc,Sheryls B-Day
Lemons,Misc,Sheryls B-Day
Grape Tomatoes,Misc,Sheryls B-Day
Italian Parsley,Misc,Sheryls B-Day
Herbs,Misc,Sheryls B-Day
Salad Mix,Misc,Sheryls B-Day
Meraki Greek Extra Virgin Olive Oil 16.9floz,Grocery,Supplies
Monster Energy Ultra Vice Guava Zero Sugar Energy Drink 16 fl oz Can,Grocery,Energy Drinks
Fresh Broccoli Crowns 1.61 lb,Grocery,Veggies
Sweet Potatoes Whole Fresh 1.90 lb,Grocery,Veggies
Hershey's Payday and Reese's Assorted Halloween Candy 21.2 oz,Grocery,Snacks
Fresh Beets Bunch,Grocery,Veggies
Perdue Harvestland Free Range Fresh Boneless Chicken Breasts 2.11 lb,Grocery,Meat
Diamond Dark Chocolate Walnuts,Grocery,Snacks
Organic Apple Juice,Grocery,Drinks
Bakery Cookies,Grocery,Snacks
Mixed Nuts ,Grocery,Snacks
Culture Pop Probiotic Drink,Grocery,Drinks
Crispy Crinkles,Grocery,Snacks
Permatex Clear RTV Silicone Adhesive Sealant 75151,Supplies,Misc
Smithfield Marinated Applewood Smoked Bacon Fresh Pork Loin Filet 2.32 lb,Grocery,Meat
Great Value Heavy Duty Scrub Sponges 8 Count,Supplies,Cleaning
Scotch-Brite Stainless Steel Scrubbing Pads 3 Pack,Supplies,Cleaning
Watkins Pure Vanilla Extract 1 fl oz,Grocery,Baking
Garlic Bulb Fresh Whole 0.15 lb,Grocery,Veggies
GHIRARDELLI Premium 60% Cacao Bittersweet Chocolate Baking Bar 4 oz,Grocery,Baking
Diet Coke,Grocery,Energy Drinks
Franks Redhot Buffalo Sauce,Grocery,Sauce
Old Dutch Spicy Dill Pickle,Grocery,Snacks
Hunts Tomato Paste,Grocery,Sauce
Tandoori Garlic Naan,Grocery,Carbs
Cashew Halves and Pieces,Grocery,Snacks
Wild Harvest Coriander,Grocery,Spices
Charcoal Rust-Oleum Chalked Ultra Matte Spray Paint 12 oz (2),Supplies,Misc
Brookside Dark Chocolate Acai and Blueberry Flavored Snacking Chocolate 7 oz,Grocery,Chocolate
Great Value Organic Ground Cumin 1.7 oz,Grocery,Spices
Great Value Organic White Sesame Seed 2.2 oz,Grocery,Spices
Marketside Grass-Fed Ground Beef 80% Lean/20% Fat 1 lb,Grocery,Meat
Pork Center Cut Loin Chops Thick Boneless 1.02 lb,Grocery,Meat
Marketside Fresh Green Beans 12 oz,Grocery,Veggies
Fresh Ginger Root 0.13 lb,Grocery,Veggies
Fresh Whole Yellow Onion 0.62 lb,Grocery,Veggies
Sweet Potatoes Whole Fresh 0.83 lb,Grocery,Veggies
Just Bare Chicken Thighs,Grocery,Meat
Red Cabbage,Grocery,Veggies
Green Onions,Grocery,Veggies
Broccoli Crowns,Grocery,Veggies
Pagoda Pot Stickers,Grocery,Frozen
Peanut Oil,Grocery,Misc
RiceSelect Arborio Rice Italian-Style Rice for Risotto 2 lb Jar,Grocery,Carbs
Beef Choice Top Sirloin Steak 1.21 lb,Grocery,Meat
Fresh Butternut Squash 1.86 lb,Grocery,Veggies
"Way to Celebrate 12-Piece Standard 12"" Disposable Icing Bag Set",Supplies,Kitchen
Wilton Large Decorating Tip Set 4-Piece,Supplies,Kitchen
Fresh Sage 0.5 oz Clamshell,Grocery,Veggies
BelGioioso Parmesan Cheese Wedge 8 oz,Grocery,Cheese
Fresh Whole White Onions 0.58 lb,Grocery,Veggies
Fiora Paper Towels,Supplies,Household
Spaghetti Noodles,Grocery,Carbs
Italian Meatballs,Grocery,Meat
Paprika,Grocery,Spices
Sage,Grocery,Spices
Pork Sausage,Grocery,Meat
Red Miso,Grocery,Sauce
Egg Roll Wrappers,Grocery,Supplies
Amish Chicken Breast,Grocery,Meat
Basil,Grocery,Veggies
Cucumbers,Grocery,Veggies
Brazil Nuts,Grocery,Snacks
Peanuts,Grocery,Snacks
Walnuts,Grocery,Snacks
Built Puff Protein Bar,Grocery,Supplements
Fresh Step Clean Paws Multi-Cat Scented Clumping Litter with Febreze 22.5 lbs (2),Pets,Supplies
Nature's Eats Blanched Almond Flour 32 oz,Grocery,Baking
Isopure Unflavored Protein Whey Isolate 1 Pound,Grocery,Supplements
Red Bull Sugar Free Energy Drink 4 Pack,Grocery,Energy Drinks
Tom's of Maine Unscented Natural Deodorant 3.25 oz,Supplies,Personal Care
Great Value Pecan Halves 16 oz,Grocery,Baking
Great Value Unsweetened Chocolate Baking Bar 4 oz,Grocery,Baking
Eggland's Best Organic Large Brown Eggs 12 Count,Grocery,Meat
Sweet Potatoes Whole Fresh 1.13 lb,Grocery,Veggies
Fresh Step Clean Paws Multi-Cat Scented Clumping Litter with Febreze 22.5 lbs,Pets,Supplies
Heinz Simply Tomato Ketchup 19 oz Bottle,Grocery,Sauce
Organic Peruvian Ginger 1 Lb,Grocery,Veggies
Mizkan Seasoned Rice Vinegar 12 fl oz,Grocery,Supplies
Chosen Foods 100% Pure Toasted Sesame Oil 8.4 fl oz,Grocery,Supplies
Fresh Lemon (6),Grocery,Veggies
Fresh Green Onions Bunch (2),Grocery,Veggies
Fresh Whole White Onions 0.80 lb,Grocery,Veggies
Fresh Italian Parsley Bunch (2),Grocery,Veggies
C&H Premium Pure Cane Dark Brown Sugar 2 lb,Grocery,Baking
Quaker Rice Cakes Apple Cinnamon 6.53 Oz,Grocery,Snacks
Quaker Rice Cakes Whole Grain Chocolate 7.23 oz,Grocery,Snacks
OREO Chocolate Sandwich Cookies Family Size 18.12 oz,Grocery,Snacks
Fresh Banana 2.12 lb,Grocery,Veggies
Melinda's Green Sauce (2),Grocery,Sauce
bettergoods Premium Swiss 72% Dark Chocolate Bar 3.5 oz (2),Grocery,Chocolate
Amy's Frozen Meals Indian Mattar Paneer Microwave Meal 10 oz,Grocery,Frozen
Sweet Potatoes Whole Fresh 2.59 lb,Grocery,Veggies
Seapak Coconut Shrimp,Grocery,Frozen
Meguiar's Quik Interior Detailer Cleaner 16 Oz,Supplies,Cleaning
Sprayway Glass Cleaner Wipes 20/pack,Supplies,Cleaning
Equate Fresh Breath Oral Rinse Alcohol Free 16 fl oz,Supplies,Personal Care
Great Value Toilet Bowl Cleaners Fresh Scent 24 Fluid Ounce,Supplies,Cleaning
Del Monte Fire Roasted Whole Kernel Corn 14.75 oz Can (2),Grocery,Veggies
Thai Kitchen Non-GMO Gluten Free Coconut Milk 25.36 fl oz,Grocery,Supplies
Great Value Liquid Rinse Agent 16 Fluid Ounce,Supplies,Cleaning
HotHands 10 Hour Hand Warmer 10 Pair Pack,Supplies,Misc
V&V Supremo Chihuahua Authentic Mexican Style Quesadilla Shredded Cheese 16 OZ,Grocery,Cheese
HotHands Stick-On Body Warmers 8 Pack,Supplies,Misc
Marketside Large Cage-Free Brown Eggs 12 Count,Grocery,Meat
Fresh Cilantro (2),Grocery,Veggies
Perdue No Antibiotics Ever Fresh Chicken Breast Tenderloins (2.70 lb total),Grocery,Meat
Perdue Harvestland Free Range Fresh Boneless Skinless Chicken Thighs (3.18 lb total),Grocery,Meat
Pelonis 1 Gallon Cool Mist Humidifier,Supplies,Misc
Lemon Grass,Grocery,Veggies
All Spice Berries,Grocery,Spices
Peanuts in Shell,Grocery,Snacks
Baking Soda,Grocery,Baking
Pecan Halves,Grocery,Baking
McCormick Cardamom Pods,Grocery,Spices
Cetaphil Foaming Facewash,Supplies,Personal Care
Breakfast Sausage (3),Grocery,Meat
Organic Lemons,Grocery,Veggies
Limes,Grocery,Veggies
Grapfruits,Grocery,Veggies
Crystal Farms Sharp Cheddar Cheese (2),Grocery,Cheese
Quest Protein Peanut Butter Cups (3),Grocery,Snacks
Quest Birthday Cake Bar,Grocery,Snacks
Old Dutch Spicy Dill Pickle (2),Grocery,Snacks
Sylta,Grocery,Snacks
Powerade zero 30oz (2),Grocery,Drinks
Red Bull Sugar Free Energy Drink (5),Grocery,Energy Drinks
Planters Dry Roasted Unsalted Peanuts,Grocery,Snacks
Gallon Storage Bags,Supplies,Kitchen
Pecan Halves (2),Grocery,Baking
Unsalted Butter,Grocery,Baking
Granulated Sugar,Grocery,Baking
Gatorade Protein Bar Cookies and Cream,Grocery,Snacks
Powercrunch Bar,Grocery,Snacks
Pufft Bar Cookie Dough,Grocery,Snacks
Cinnamon Imperials (Red Hots),Grocery,Snacks
Green Whimsy Penguin Christmas Gift Wrap Paper 30 in x 4 yd (3),Supplies,Misc
Winter Blush Gift Bows 20 Count,Supplies,Misc
GHIRARDELLI Intense Dark Chocolate Bar 72% Cacao 3.5 oz,Grocery,Chocolate
Fresh Lemon (4),Grocery,Veggies
Great Value Low Sodium Club Soda Sparkling Water 33.8 fl oz (2),Grocery,Drinks
Marketside Tri-Color Cole Slaw 16 oz Bag,Grocery,Veggies
Great Value Tri-Color Tortilla Strips Salad Topping 3.5 oz (2),Grocery,Snacks
Karo Light Corn Syrup with Real Vanilla 32 fl oz,Grocery,Baking
La Costena Chipotle Sauce 7 oz,Grocery,Sauce
La Costeña Chipotle Peppers in Adobo Sauce 7 oz,Grocery,Sauce
McCormick Gourmet Organic Paprika 1.62 oz,Grocery,Spices
McCormick Kosher Onion Powder 2.62 oz,Grocery,Spices
McCormick Kosher Garlic Powder 3.12 oz,Grocery,Spices
Crystal Farms Shredded Mozzarella Cheese 32 oz,Grocery,Cheese
Cool Whip Original Whipping Cream 8 oz,Grocery,Baking
Bush's Black Beans 15 oz,Grocery,Veggies
Daisy Pure and Natural Sour Cream 16 oz,Grocery,Baking
Great Value Disinfecting Wipes Fresh Scent 75 Count,Supplies,Cleaning
Great Value Deep Cleaning Mop Pads 15 Count,Supplies,Cleaning
Broccoli Florets 12 oz,Grocery,Veggies
Beef Choice Angus Bottom Round for Stir Fry (1.94 lb total),Grocery,Meat
Spindrift Sparkling Water Grapefruit Flavored 8 Count,Grocery,Drinks
OREO Chocolate Sandwich Cookies 13.29 oz,Grocery,Snacks
Great Value Chopped Pecans 16 oz,Grocery,Baking
Great Value Pack of 10 Nitrile Disposable Cleaning Gloves,Supplies,Cleaning
Watkins Pure Vanilla Extract with Madagascar Vanilla Beans 1 fl oz,Grocery,Baking
"Snoop Dogg Merry Chrismizzle Green Paper Gift Bag 10""",Supplies,Misc
Holiday Time 2 Pack Round Plastic Blue Treat Container,Supplies,Misc
Viva Signature Cloth Paper Towels 2 Triple Rolls,Supplies,Cleaning
Delimex White Meat Chicken Corn Taquitos 20 Ct Box,Grocery,Frozen
Perdue Harvestland Organic Fresh Boneless Chicken Breast (2.92 lb total),Grocery,Meat
Marketside Grass-Fed Ground Beef 90% Lean/10% Fat 1 lb,Grocery,Meat
Fresh Lemon (3),Grocery,Veggies
Sweet Potatoes Whole Fresh 3.13 lb,Grocery,Veggies
Panko Bread Crumbs,Grocery,Supplies
Pagoda Frozen Crunchy Crispy Chicken Egg Rolls,Grocery,Frozen
Powerade zero 30oz (3),Grocery,Drinks
Culture Pop Probiotic Drink (3),Grocery,Drinks
Bananas,Grocery,Veggies
Quaker Gluten-Free Caramel Rice Cakes 6.5 oz,Grocery,Snacks
Organic Valley Organic Whole Milk Grassfed Half Gallon,Grocery,Baking
Perdue Harvestland Organic Fresh Boneless Chicken Breast (2),Grocery,Meat
Perdue Harvestland Free Range Fresh Boneless Skinless Chicken Thighs 1.60 lb,Grocery,Meat
Pb2 Plant based Powdered Peanut Butter 6.5 Oz,Grocery,Supplies
bettergoods Premium Swiss Dark Chocolate Bar (3),Grocery,Chocolate
Biotrue Contact Lens Solution 10 FL OZ,Supplies,Personal Care
Organic Peruvian Ginger 1 Lb (2),Grocery,Veggies
Fresh Banana 1.38 lb,Grocery,Veggies
Tyson Ground Pork 85% Lean/15% Fat 1.5 lb,Grocery,Meat
Fresh Whole White Onions 0.61 lb,Grocery,Veggies
Fresh Red Grapefruit,Grocery,Veggies
Lee Kum Kee Chili Garlic Sauce 8 Oz,Grocery,Sauce
King Arthur All Purpose Unbleached Flour 5 lbs,Grocery,Baking
Fresh Banana 2.84 lb,Grocery,Veggies
Red Bull Amber Edition Sugar Free Energy Drink 12 fl oz,Grocery,Energy Drinks
Vibrant Life Training Pads XL 75 Count,Pets,Supplies
Greenies Original Teenie Natural Dry Dental Treats for Dogs 12 Oz,Pets,Treats
Great Value Strong Flex Tall Kitchen Trash Bags 40 Count,Supplies,Household
Jack Link's Beef Jerky Sweet & Hot 5 oz,Grocery,Snacks
Great Value Low Sodium Club Soda Sparkling Water 33.8 fl oz (3),Grocery,Drinks
Slim Jim Giant Smoked Meat Sticks Original 6 Count,Grocery,Snacks
Kettle Brand Potato Chips Air Fried Jalapeno 6.5 oz Bag (2),Grocery,Snacks
Dot's Homestyle Pretzels Honey Mustard 16 oz,Grocery,Snacks
Sensodyne Whitening & Gum Sensitive Toothpaste 3.4 Oz 2 Pack,Supplies,Personal Care
M&M's Peanut Butter Milk Chocolate Candy 9 oz Bag,Grocery,Snacks
Fresh Butternut Squash 2.81 lb,Grocery,Veggies
Betty Crocker Bisquick Pancake and Baking Mix 40 oz,Grocery,Baking
Great Value Distilled White Vinegar 64 fl oz,Supplies,Cleaning
Equate Ibuprofen Mini Capsules 200 mg 300 Count,Supplies,Personal Care
Craft Kitchen Cookie Scoop,Supplies,Kitchen
Fresh Banana 2.09 lb,Grocery,Veggies
Great Value Automatic Dishwasher Powder Original Scent 75 oz,Supplies,Cleaning
Great Value Pecan Halves 32 oz,Grocery,Baking
Freshly Harvested Green Asparagus Bunch,Grocery,Veggies
HERSHEY'S KISSES Milk Chocolate Silver foil 10.8 oz,Grocery,Chocolate
Grassland Unsalted rBST Free 4 Sticks 1lb Butter (3),Grocery,Baking
Jif Creamy Peanut Butter 16-Ounce Jar,Grocery,Supplies
Local Hive Raw & Unfiltered Midwest Honey Blend 16oz Bottle,Grocery,Supplies
ALMA EDBL DstPmp Blue .14oz,Grocery,Baking
Great Value Edible Glitter Gel Icing Metallic Classic Colors 2.7 oz (2),Grocery,Baking
Great Value Blue Sanding Sugar 3.3 oz,Grocery,Baking
Great Value Red Sanding Sugar 3.5 oz,Grocery,Baking
Great Value Cookie Icing Various Colors 7 oz (7),Grocery,Baking
Great Value Decorating Gel Green 0.67 oz,Grocery,Baking
Great Value Candy Eyeballs 0.88 oz (2),Grocery,Baking
JENNIE-O All-Natural Turkey Breast Tenderloins 24 oz (2),Grocery,Meat
Philadelphia Original Cream Cheese 2 ct Pack 8 oz Brick,Grocery,Cheese
Benadryl Ultratabs Antihistamine 24 Ct,Supplies,Personal Care
Great Value Dry Roasted and Unsalted Peanuts 16 oz,Grocery,Snacks
GHIRARDELLI White Vanilla Flavored Melting Wafers 10 oz,Grocery,Baking
Great Value Evaporated Milk 12 fl oz Can,Grocery,Baking
Perdue Harvestland Free Range Fresh Boneless Chicken Breasts 2.09 lb,Grocery,Meat
Sweet Potatoes Whole Fresh 6.23 lb,Grocery,Veggies
